"activity","imageID","image","oocyte","area","mean","n_pixels","cum_intensity","cum_int_wo_bgd","oocyte_vol","relative_conc_um3"
"active","SUM_raw_worm10_Airyscan Processing_exp1","SUM_raw_worm10_Airyscan Processing","oocyte_1",778.2179,128.3796,172885,22194905,16710342.9485816,4280.20006846148,3904.10323847037
"active","SUM_raw_worm10_Airyscan Processing_exp1","SUM_raw_worm10_Airyscan Processing","oocyte_2",595.0935,60.9584,132203,8058882,3864905.90673759,3273.01552853523,1180.83946533161
"active","SUM_raw_worm10_Airyscan Processing_exp1","SUM_raw_worm10_Airyscan Processing","oocyte_3",602.5208,32.9671,133853,4412742,166421.704609929,3313.86540049035,50.2198141738959
"active","SUM_raw_worm10_Airyscan Processing_exp1","SUM_raw_worm10_Airyscan Processing","oocyte_4",426.2294,27.1014,94689,2566202,-437689.003191489,2344.26274276281,0
"active","SUM_raw_worm10_Airyscan Processing_exp1","SUM_raw_worm10_Airyscan Processing","oocyte_5",383.2414,25.3139,85139,2155201,-545728.106028369,2107.82863538619,0
"active","SUM_raw_worm10_Airyscan Processing_exp1","SUM_raw_worm10_Airyscan Processing","oocyte_6",431.5455,30.5071,95870,2924714,-116642.762411348,2373.50134808342,0
"active","SUM_raw_worm11_Airyscan Processing_exp1","SUM_raw_worm11_Airyscan Processing","oocyte_1",556.2558,156.9387,123575,19393697,15375899.081117,3059.40783445717,5025.77620019894
"active","SUM_raw_worm11_Airyscan Processing_exp1","SUM_raw_worm11_Airyscan Processing","oocyte_2",584.0157,111.6521,129742,14485973,10267667.2132979,3212.08732557671,3196.57162852955
"active","SUM_raw_worm11_Airyscan Processing_exp1","SUM_raw_worm11_Airyscan Processing","oocyte_3",528.1583,65.7287,117333,7712143,3897291.42632979,2904.87153097603,1341.63985731249
"active","SUM_raw_worm11_Airyscan Processing_exp1","SUM_raw_worm11_Airyscan Processing","oocyte_4",510.1258,33.6154,113327,3809531,124926.632180851,2805.69299336862,44.5261233057646
"active","SUM_raw_worm11_Airyscan Processing_exp1","SUM_raw_worm11_Airyscan Processing","oocyte_5",455.6188,21.1756,101218,2143353,-1147551.0643617,2505.90444821433,0
"active","SUM_raw_worm11_Airyscan Processing_exp1","SUM_raw_worm11_Airyscan Processing","oocyte_6",465.9585,18.3064,103515,1894983,-1470603.49867021,2562.77242147549,0
"active","SUM_raw_worm12_Airyscan Processing_exp1","SUM_raw_worm12_Airyscan Processing","oocyte_1",809.3898,153.8633,179810,27666165,24097446.5992908,4451.64574318222,5413.15459259005
"active","SUM_raw_worm12_Airyscan Processing_exp1","SUM_raw_worm12_Airyscan Processing","oocyte_2",439.9676,96.2182,97741,9404465,7464583.42943262,2419.82262713071,3084.76470371868
"active","SUM_raw_worm12_Airyscan Processing_exp1","SUM_raw_worm12_Airyscan Processing","oocyte_3",453.7463,42.3716,100802,4271139,2270505.26312057,2495.60532898201,909.801416414967
"active","SUM_raw_worm12_Airyscan Processing_exp1","SUM_raw_worm12_Airyscan Processing","oocyte_4",560.7481,23.9697,124573,2985972,513551.34858156,3084.11581761548,166.514936192837
"active","SUM_raw_worm12_Airyscan Processing_exp1","SUM_raw_worm12_Airyscan Processing","oocyte_5",633.4271,19.9331,140719,2804972,12099.0528368792,3483.85038281997,3.47289679733195
"active","SUM_raw_worm12_Airyscan Processing_exp1","SUM_raw_worm12_Airyscan Processing","oocyte_6",505.2508,21.551,112244,2418971,191246.022695035,2778.88062286717,68.8212444684699
"active","SUM_raw_worm13_Airyscan Processing_exp1","SUM_raw_worm13_Airyscan Processing","oocyte_1",1008.1925,111.726,223975,25023826,19792302.1391844,5545.06064918102,3569.35719758226
"active","SUM_raw_worm13_Airyscan Processing_exp1","SUM_raw_worm13_Airyscan Processing","oocyte_2",641.318,53.7536,142472,7658386,4330578.57730496,3527.25027708502,1227.74916354499
"active","SUM_raw_worm13_Airyscan Processing_exp1","SUM_raw_worm13_Airyscan Processing","oocyte_3",520.8526,31.4054,115710,3633922,931211.313829787,2864.69011147108,325.065287201899
"active","SUM_raw_worm13_Airyscan Processing_exp1","SUM_raw_worm13_Airyscan Processing","oocyte_4",622.4708,31.4204,138285,4344965,1114955.94946808,3423.59063231163,325.668594529148
"active","SUM_raw_worm13_Airyscan Processing_exp1","SUM_raw_worm13_Airyscan Processing","oocyte_5",403.286,27.2913,89592,2445079,352422.740425532,2218.07377466872,158.886843372993
"active","SUM_raw_worm14_Airyscan Processing_exp1","SUM_raw_worm14_Airyscan Processing","oocyte_1",766.1092,33.7145,170195,5738033,2813679.03893321,4213.60239842555,667.760925896703
"active","SUM_raw_worm14_Airyscan Processing_exp1","SUM_raw_worm14_Airyscan Processing","oocyte_2",552.5782,16.1089,122758,1977493,-131780.736317967,3039.18095846484,0
"active","SUM_raw_worm14_Airyscan Processing_exp1","SUM_raw_worm14_Airyscan Processing","oocyte_3",221.6696,10.9174,49245,537627,-308518.955008865,1219.18299662426,0
"active","SUM_raw_worm16_Airyscan Processing_exp1","SUM_raw_worm16_Airyscan Processing","oocyte_1",974.0632,142.7673,216393,30893847,25640158.7577128,5357.34929817269,4785.97853726996
"active","SUM_raw_worm16_Airyscan Processing_exp1","SUM_raw_worm16_Airyscan Processing","oocyte_2",728.3293,73.4447,161802,11883500,7955197.02819149,4005.81271641383,1985.91336923842
"active","SUM_raw_worm16_Airyscan Processing_exp1","SUM_raw_worm16_Airyscan Processing","oocyte_3",679.3545,42.0141,150922,6340845,2676691.64521277,3736.45113649156,716.372715026622
"active","SUM_raw_worm16_Airyscan Processing_exp1","SUM_raw_worm16_Airyscan Processing","oocyte_4",631.2935,35.3237,140245,4953973,1549040.73537234,3472.11532869468,446.137466279005
"active","SUM_raw_worm16_Airyscan Processing_exp1","SUM_raw_worm16_Airyscan Processing","oocyte_5",233.7737,25.5738,51934,1328151,67273.590957447,1285.75590916204,52.3222102096277
"active","SUM_raw_worm17_Airyscan Processing_exp1","SUM_raw_worm17_Airyscan Processing","oocyte_1",735.2704,103.3321,163344,16878683,12930346.2163121,4043.98877856825,3197.42386151971
"active","SUM_raw_worm17_Airyscan Processing_exp1","SUM_raw_worm17_Airyscan Processing","oocyte_2",474.1059,41.0793,105325,4326674,1780767.37507388,2607.58349313535,682.918640864951
"active","SUM_raw_worm17_Airyscan Processing_exp1","SUM_raw_worm17_Airyscan Processing","oocyte_3",406.0408,24.8826,90204,2244509,64105.8554964541,2233.22536353934,28.7055021598248
"active","SUM_raw_worm17_Airyscan Processing_exp1","SUM_raw_worm17_Airyscan Processing","oocyte_4",355.4005,23.2175,78954,1833113,-75356.1351950355,1954.70350929987,0
"active","SUM_raw_worm17_Airyscan Processing_exp1","SUM_raw_worm17_Airyscan Processing","oocyte_5",209.7229,22.1381,46591,1031435,-94758.5491282505,1153.4765965219,0
"active","SUM_raw_worm17_Airyscan Processing_exp1","SUM_raw_worm17_Airyscan Processing","oocyte_6",298.2242,20.9487,66252,1387892,-213545.509751773,1640.23376773988,0
"active","SUM_raw_worm1_Airyscan Processing_exp1","SUM_raw_worm1_Airyscan Processing","oocyte_1",979.7439,133.3304,217655,29020034,16827388.7426862,5388.59326084382,3122.77953226908
"active","SUM_raw_worm1_Airyscan Processing_exp1","SUM_raw_worm1_Airyscan Processing","oocyte_2",524.9938,53.6136,116630,6252955,-280449.775265958,2887.46700977333,0
"active","SUM_raw_worm1_Airyscan Processing_exp1","SUM_raw_worm1_Airyscan Processing","oocyte_3",528.5994,34.7551,117431,4081324,-2496951.36795213,2907.29776579518,0
"active","SUM_raw_worm1_Airyscan Processing_exp1","SUM_raw_worm1_Airyscan Processing","oocyte_4",599.8695,29.7565,133264,3965465,-3499746.81489362,3299.28323407728,0
"active","SUM_raw_worm2_Airyscan Processing_exp1","SUM_raw_worm2_Airyscan Processing","oocyte_1",884.4951,144.4118,196495,28376195,23767269.4814569,4864.72459989206,4885.6351461261
"active","SUM_raw_worm2_Airyscan Processing_exp1","SUM_raw_worm2_Airyscan Processing","oocyte_2",629.835,70.3901,139921,9849049,6567105.60459515,3464.09389929259,1895.76431687843
"active","SUM_raw_worm2_Airyscan Processing_exp1","SUM_raw_worm2_Airyscan Processing","oocyte_3",549.6523,27.2362,122108,3325756,461628.784456265,3023.08858466434,152.701044487428
"active","SUM_raw_worm2_Airyscan Processing_exp1","SUM_raw_worm2_Airyscan Processing","oocyte_4",517.6971,19.8171,115009,2279140,-418475.282638889,2847.33510526469,0
"active","SUM_raw_worm2_Airyscan Processing_exp1","SUM_raw_worm2_Airyscan Processing","oocyte_5",117.3865,18.6075,26078,485246,-126431.445596927,645.62603687618,0
"active","SUM_raw_worm3_2_Airyscan Processing_exp1","SUM_raw_worm3_2_Airyscan Processing","oocyte_1",897.7021,80.3907,199429,16032240,10761606.7467346,4937.36309947771,2179.62635720938
"active","SUM_raw_worm3_2_Airyscan Processing_exp1","SUM_raw_worm3_2_Airyscan Processing","oocyte_2",713.8349,38.368,158582,6084480,1893376.58690898,3926.09357235595,482.254574939439
"active","SUM_raw_worm3_2_Airyscan Processing_exp1","SUM_raw_worm3_2_Airyscan Processing","oocyte_3",638.0725,14.3442,141751,2033309,-1712974.31026891,3509.40012091554,0
"active","SUM_raw_worm3_2_Airyscan Processing_exp1","SUM_raw_worm3_2_Airyscan Processing","oocyte_4",589.8314,11.5012,131034,1507043,-1956004.78998227,3244.07401319248,0
"active","SUM_raw_worm3_2_Airyscan Processing_exp1","SUM_raw_worm3_2_Airyscan Processing","oocyte_5",68.2586,12.6169,15164,191323,-209440.593321513,375.422702016658,0
"active","SUM_raw_worm4_Airyscan Processing_exp1","SUM_raw_worm4_Airyscan Processing","oocyte_1",907.2855,170.5087,201558,34367400,29340794.2362589,4990.0718130489,5879.83406562076
"active","SUM_raw_worm4_Airyscan Processing_exp1","SUM_raw_worm4_Airyscan Processing","oocyte_2",612.6623,97.4887,136106,13268802,9874487.68809102,3369.64404383271,2930.42456699953
"active","SUM_raw_worm4_Airyscan Processing_exp1","SUM_raw_worm4_Airyscan Processing","oocyte_3",557.084,44.2625,123759,5477880,2391484.50731383,3063.96321411762,780.51998023173
"active","SUM_raw_worm4_Airyscan Processing_exp1","SUM_raw_worm4_Airyscan Processing","oocyte_4",528.4959,33.4469,117408,3926937,998927.546099291,2906.72834333763,343.660441605727
"active","SUM_raw_worm4_Airyscan Processing_exp1","SUM_raw_worm4_Airyscan Processing","oocyte_5",266.6787,33.5545,59244,1987901,510429.344858156,1466.73322067231,348.004216216082
"active","SUM_raw_worm5_Airyscan Processing_exp1","SUM_raw_worm5_Airyscan Processing","oocyte_1",761.0452,156.271,169070,26420745,19616849.099143,4185.7502130016,4686.57901233809
"active","SUM_raw_worm5_Airyscan Processing_exp1","SUM_raw_worm5_Airyscan Processing","oocyte_2",669.7486,84.4323,148788,12562508,6574822.05159575,3683.6186354296,1784.88130892762
"active","SUM_raw_worm5_Airyscan Processing_exp1","SUM_raw_worm5_Airyscan Processing","oocyte_3",573.9371,41.8441,127503,5335247,204134.803590426,3156.65528720851,64.6680695284109
"active","SUM_raw_worm5_Airyscan Processing_exp1","SUM_raw_worm5_Airyscan Processing","oocyte_4",551.9255,30.4784,122613,3737050,-1197273.58249114,3035.59112123242,0
"active","SUM_raw_worm5_Airyscan Processing_exp1","SUM_raw_worm5_Airyscan Processing","oocyte_5",618.8337,30.059,137477,4132425,-1400071.57989066,3403.58657380269,0
"active","SUM_raw_worm5_Airyscan Processing_exp1","SUM_raw_worm5_Airyscan Processing","oocyte_6",520.659,31.6193,115667,3657305,-997490.215972222,2863.62553905043,0
"active","SUM_raw_worm6_Airyscan Processing_exp1","SUM_raw_worm6_Airyscan Processing","oocyte_1",502.2979,122.4029,111588,13658697,10741237.9730496,2762.63970407774,3888.03431630815
"active","SUM_raw_worm6_Airyscan Processing_exp1","SUM_raw_worm6_Airyscan Processing","oocyte_2",511.5122,74.2042,113635,8432191,5461213.32742317,2813.31830280024,1941.19994242647
"active","SUM_raw_worm6_Airyscan Processing_exp1","SUM_raw_worm6_Airyscan Processing","oocyte_3",462.677,33.9761,102786,3492269,804937.534751773,2544.72420532077,316.316217320811
"active","SUM_raw_worm6_Airyscan Processing_exp1","SUM_raw_worm6_Airyscan Processing","oocyte_4",487.7495,15.3523,108356,1663518,-1169440.65437352,2682.62347004201,0
"active","SUM_raw_worm6_Airyscan Processing_exp1","SUM_raw_worm6_Airyscan Processing","oocyte_5",633.5576,13.3932,140748,1885064,-1794780.8141844,3484.56835026646,0
"active","SUM_raw_worm6_Airyscan Processing_exp1","SUM_raw_worm6_Airyscan Processing","oocyte_6",482.564,13.7025,107204,1468962,-1333877.70969267,2654.10283216788,0
"active","SUM_raw_worm7_Airyscan Processing_exp1","SUM_raw_worm7_Airyscan Processing","oocyte_1",1005.028,153.7651,223272,34331451,27698814.4702128,5527.65612797832,5010.9510846767
"active","SUM_raw_worm7_Airyscan Processing_exp1","SUM_raw_worm7_Airyscan Processing","oocyte_2",584.6729,76.546,129888,9942411,6083889.13617021,3215.70192030728,1891.93192868724
"active","SUM_raw_worm7_Airyscan Processing_exp1","SUM_raw_worm7_Airyscan Processing","oocyte_3",601.3729,35.3085,133598,4717149,748415.9071513,3307.55223846092,226.274856205916
"active","SUM_raw_worm7_Airyscan Processing_exp1","SUM_raw_worm7_Airyscan Processing","oocyte_4",324.8993,35.0252,72178,2528048,383890.024763593,1786.94670180416,214.830148194126
"active","SUM_raw_worm7_Airyscan Processing_exp1","SUM_raw_worm7_Airyscan Processing","oocyte_5",562.2696,33.4347,124911,4176360,465687.53962766,3092.48385199174,150.586894520962
"active","SUM_raw_worm9_Airyscan Processing_exp1","SUM_raw_worm9_Airyscan Processing","oocyte_1",694.9877,154.5639,154395,23863891,19328150.0625,3822.43392758256,5056.50337682195
"active","SUM_raw_worm9_Airyscan Processing_exp1","SUM_raw_worm9_Airyscan Processing","oocyte_2",485.2963,86.8033,107811,9358351,6191132.0731383,2669.13063354774,2319.53130930471
"active","SUM_raw_worm9_Airyscan Processing_exp1","SUM_raw_worm9_Airyscan Processing","oocyte_3",486.8853,45.0195,108164,4869487,1691897.81146572,2677.87003039632,631.807291713603
"active","SUM_raw_worm9_Airyscan Processing_exp1","SUM_raw_worm9_Airyscan Processing","oocyte_4",578.6455,34.1755,128549,4393222,616772.233008274,3182.55163027825,193.798028959031
"active","SUM_raw_worm9_Airyscan Processing_exp1","SUM_raw_worm9_Airyscan Processing","oocyte_5",484.5266,34.888,107640,3755339,593143.627659574,2664.8971013633,222.576559281083
"active","SUM_raw_worm10_Airyscan Processing_exp2","SUM_raw_worm10_Airyscan Processing","oocyte_1",902.505,117.867,200496,23631864,18100422.8702128,4963.77935000869,3646.50029622712
"active","SUM_raw_worm10_Airyscan Processing_exp2","SUM_raw_worm10_Airyscan Processing","oocyte_2",847.1383,92.1532,188196,17342868,12150768.931383,4659.26212270687,2607.87408207114
"active","SUM_raw_worm10_Airyscan Processing_exp2","SUM_raw_worm10_Airyscan Processing","oocyte_3",766.0597,46.186,170184,7860124,3164954.13510638,4213.33006594585,751.176405733568
"active","SUM_raw_worm10_Airyscan Processing_exp2","SUM_raw_worm10_Airyscan Processing","oocyte_4",697.1484,34.9298,154875,5409755,1136941.85172872,3834.31752669677,296.517396854242
"active","SUM_raw_worm2_Airyscan Processing_exp2","SUM_raw_worm2_Airyscan Processing","oocyte_1",780.4146,106.7552,173373,18508467,12480407.1632535,4292.28172756093,2907.63932924446
"active","SUM_raw_worm2_Airyscan Processing_exp2","SUM_raw_worm2_Airyscan Processing","oocyte_2",505.1743,60.179,112227,6753714,2851658.48213652,2778.45974539854,1026.34507728939
"active","SUM_raw_worm2_Airyscan Processing_exp2","SUM_raw_worm2_Airyscan Processing","oocyte_3",443.0285,31.5464,98421,3104824,-317206.403767731,2436.65772587586,0
"active","SUM_raw_worm2_Airyscan Processing_exp2","SUM_raw_worm2_Airyscan Processing","oocyte_4",713.5829,23.5517,158526,3733558,-1778281.86941489,3924.70715245929,0
"active","SUM_raw_worm2_Airyscan Processing_exp2","SUM_raw_worm2_Airyscan Processing","oocyte_5",492.467,24.9917,109404,2734187,-1069714.75159574,2708.56932810805,0
"active","SUM_raw_worm3_Airyscan Processing_exp2","SUM_raw_worm3_Airyscan Processing","oocyte_1",792.7978,94.4412,176124,16633354,10013745.9510638,4360.38960498429,2296.52550763291
"active","SUM_raw_worm3_Airyscan Processing_exp2","SUM_raw_worm3_Airyscan Processing","oocyte_2",571.6279,53.0486,126990,6736640,1963729.85638298,3143.95469065519,624.605011713365
"active","SUM_raw_worm3_Airyscan Processing_exp2","SUM_raw_worm3_Airyscan Processing","oocyte_3",492.8181,35.6442,109482,3902394,-212479.205319149,2710.50041296411,0
"active","SUM_raw_worm3_Airyscan Processing_exp2","SUM_raw_worm3_Airyscan Processing","oocyte_4",631.0864,35.6972,140199,5004708,-264661.471808511,3470.97648377957,0
"active","SUM_raw_worm3_Airyscan Processing_exp2","SUM_raw_worm3_Airyscan Processing","oocyte_5",438.5812,34.3897,97433,3350691,-311321.394858156,2412.19731769909,0
"active","SUM_raw_worm4_Airyscan Processing_exp2","SUM_raw_worm4_Airyscan Processing","oocyte_1",567.3876,133.203,126048,16789975,12507786.5985816,3120.63312739354,4008.0926170993
"active","SUM_raw_worm4_Airyscan Processing_exp2","SUM_raw_worm4_Airyscan Processing","oocyte_2",561.7699,78.2972,124800,9771488,5531697.5035461,3089.73576969658,1790.3464619207
"active","SUM_raw_worm4_Airyscan Processing_exp2","SUM_raw_worm4_Airyscan Processing","oocyte_3",466.8092,45.7002,103704,4739296,1216193.16631206,2567.45158862671,473.696630425105
"active","SUM_raw_worm4_Airyscan Processing_exp2","SUM_raw_worm4_Airyscan Processing","oocyte_4",564.9164,29.9115,125499,3753861,-509676.399955674,3107.04126090666,0
"active","SUM_raw_worm4_Airyscan Processing_exp2","SUM_raw_worm4_Airyscan Processing","oocyte_5",466.026,31.5261,103530,3263901,-253290.587322695,2563.14378394781,0
"active","SUM_raw_worm5_Airyscan Processing_exp2","SUM_raw_worm5_Airyscan Processing","oocyte_1",1045.0136,117.4708,232155,27271438,23779662.8371011,5747.57698408581,4137.33698616712
"active","SUM_raw_worm5_Airyscan Processing_exp2","SUM_raw_worm5_Airyscan Processing","oocyte_2",694.8662,63.5385,154368,9808311,7486507.25531915,3821.76547513238,1958.91330957712
"active","SUM_raw_worm5_Airyscan Processing_exp2","SUM_raw_worm5_Airyscan Processing","oocyte_3",615.7188,25.9427,136785,3548576,1491232.9935727,3386.4543850797,440.352304800822
"active","SUM_raw_worm5_Airyscan Processing_exp2","SUM_raw_worm5_Airyscan Processing","oocyte_4",460.8224,19.4669,102374,1992900,453122.736849882,2534.52411608107,178.780203342673
"active","SUM_raw_worm6_Airyscan Processing_exp2","SUM_raw_worm6_Airyscan Processing","oocyte_1",1250.9509,107.6487,277905,29916122,24150714.2320479,6880.23252465967,3510.15959787529
"active","SUM_raw_worm6_Airyscan Processing_exp2","SUM_raw_worm6_Airyscan Processing","oocyte_2",678.1211,46.5242,150648,7008777,3883438.66702128,3729.66758199719,1041.22916631131
"active","SUM_raw_worm6_Airyscan Processing_exp2","SUM_raw_worm6_Airyscan Processing","oocyte_3",690.5584,21.1736,153411,3248260,65600.5621010638,3798.07254939841,17.2720666200688
"active","SUM_raw_worm6_Airyscan Processing_exp2","SUM_raw_worm6_Airyscan Processing","oocyte_4",502.352,16.7894,111600,1873695,-441554.840425532,2762.93679405559,0
"active","SUM_raw_worm6_Airyscan Processing_exp2","SUM_raw_worm6_Airyscan Processing","oocyte_5",261.25,16.3294,58038,947726,-256328.392819149,1436.87567789784,0
"active","SUM_raw_worm7_Airyscan Processing_exp2","SUM_raw_worm7_Airyscan Processing","oocyte_1",1019.2343,57.1331,226428,12936523,8069241.03102837,5605.7907921543,1439.44740897606
"active","SUM_raw_worm7_Airyscan Processing_exp2","SUM_raw_worm7_Airyscan Processing","oocyte_2",643.1996,16.6169,142890,2374393,-697161.403812057,3537.59891131365,0
"active","SUM_raw_worm7_Airyscan Processing_exp2","SUM_raw_worm7_Airyscan Processing","oocyte_3",601.8366,10.5741,133701,1413774,-1460254.24091312,3310.10226077085,0
"active","SUM_raw_worm7_Airyscan Processing_exp2","SUM_raw_worm7_Airyscan Processing","oocyte_4",476.1405,12.8649,105777,1360812,-912963.702792553,2618.77388230124,0
"active","SUM_raw_worm8_Airyscan Processing_exp2","SUM_raw_worm8_Airyscan Processing","oocyte_1",1204.2538,120.9413,267531,32355540,23697362.4626773,6623.39823880364,3577.82540144493
"active","SUM_raw_worm8_Airyscan Processing_exp2","SUM_raw_worm8_Airyscan Processing","oocyte_2",573.5635,52.0213,127420,6628554,2504826.35047281,3154.60041486168,794.023337685588
"active","SUM_raw_worm8_Airyscan Processing_exp2","SUM_raw_worm8_Airyscan Processing","oocyte_3",689.9597,37.1533,153278,5694779,734201.95821513,3794.77980214385,193.476827772812
"active","SUM_raw_worm8_Airyscan Processing_exp2","SUM_raw_worm8_Airyscan Processing","oocyte_4",549.4092,46.7569,122054,5706870,1756803.64828605,3021.75167976399,581.385843201803
"active","SUM_raw_worm8_Airyscan Processing_exp2","SUM_raw_worm8_Airyscan Processing","oocyte_5",503.7969,30.9347,111921,3462242,-159887.353812056,2770.88395096323,0
"active","SUM_raw_worm9_Airyscan Processing_exp2","SUM_raw_worm9_Airyscan Processing","oocyte_1",852.1483,164.6774,189309,31174911,23707938.0448138,4686.81721815296,5058.43026115641
"active","SUM_raw_worm9_Airyscan Processing_exp2","SUM_raw_worm9_Airyscan Processing","oocyte_2",589.5748,90.1524,130977,11807894,6641728.01343085,3242.66283579766,2048.23268707092
"active","SUM_raw_worm9_Airyscan Processing_exp2","SUM_raw_worm9_Airyscan Processing","oocyte_3",383.7456,48.0343,85251,4094976,732394.65731383,2110.60147517951,347.007554920589
"quiescent","SUM_raw_worm10_Airyscan Processing_exp1","SUM_raw_worm10_Airyscan Processing","oocyte_1",494.4476,163.5873,109844,17969085,10538075.1033688,2719.46262729608,3875.05788739103
"quiescent","SUM_raw_worm10_Airyscan Processing_exp1","SUM_raw_worm10_Airyscan Processing","oocyte_2",356.1882,149.7725,79129,11851348,6498225.55261525,1959.03607147693,3317.05252763223
"quiescent","SUM_raw_worm10_Airyscan Processing_exp1","SUM_raw_worm10_Airyscan Processing","oocyte_3",347.7752,128.3752,77260,9918269,4691585.47960993,1912.76430742594,2452.77761687404
"quiescent","SUM_raw_worm10_Airyscan Processing_exp1","SUM_raw_worm10_Airyscan Processing","oocyte_4",324.1386,107.9454,72009,7773041,2901590.65545213,1782.76268461603,1627.58099016251
"quiescent","SUM_raw_worm10_Airyscan Processing_exp1","SUM_raw_worm10_Airyscan Processing","oocyte_5",387.0136,104.9075,85977,9019629,3203235.40651596,2128.57541883976,1504.8728732675
"quiescent","SUM_raw_worm10_Airyscan Processing_exp1","SUM_raw_worm10_Airyscan Processing","oocyte_6",394.4723,87.9284,87634,7705515,1777024.4016844,2169.59859328197,819.056763397084
"quiescent","SUM_raw_worm11_Airyscan Processing_exp1","SUM_raw_worm11_Airyscan Processing","oocyte_1",317.6026,221.6166,70557,15636605,11805715.395523,1746.81479729552,6758.42419803235
"quiescent","SUM_raw_worm11_Airyscan Processing_exp1","SUM_raw_worm11_Airyscan Processing","oocyte_2",333.7715,195.3739,74149,14486778,10460860.8935136,1835.74373066692,5698.43204079101
"quiescent","SUM_raw_worm11_Airyscan Processing_exp1","SUM_raw_worm11_Airyscan Processing","oocyte_3",324.9713,129.447,72194,9345297,5425526.54341017,1787.34282177464,3035.52652424184
"quiescent","SUM_raw_worm11_Airyscan Processing_exp1","SUM_raw_worm11_Airyscan Processing","oocyte_4",286.8943,93.2844,63735,5945480,2484990.62344858,1577.91914488471,1574.85295206945
"quiescent","SUM_raw_worm11_Airyscan Processing_exp1","SUM_raw_worm11_Airyscan Processing","oocyte_5",344.9483,68.8541,76632,5276426,1115694.50390071,1897.21659858484,588.069124386178
"quiescent","SUM_raw_worm11_Airyscan Processing_exp1","SUM_raw_worm11_Airyscan Processing","oocyte_6",379.4558,73.5458,84298,6199763,1622806.32839835,2087.00757943816,777.575675520652
"quiescent","SUM_raw_worm1_Airyscan Processing_exp1","SUM_raw_worm1_Airyscan Processing","oocyte_1",535.473,125.8594,118958,14971981,10574818.4019799,2945.10246547729,3590.64532590588
"quiescent","SUM_raw_worm1_Airyscan Processing_exp1","SUM_raw_worm1_Airyscan Processing","oocyte_2",377.7498,99.3434,83919,8336801,5234819.72876773,2077.62448763756,2519.61784235619
"quiescent","SUM_raw_worm1_Airyscan Processing_exp1","SUM_raw_worm1_Airyscan Processing","oocyte_3",351.8084,92.7981,78156,7252728,4363770.21648936,1934.94702577248,2255.24014785223
"quiescent","SUM_raw_worm1_Airyscan Processing_exp1","SUM_raw_worm1_Airyscan Processing","oocyte_4",319.0205,72.2486,70872,5120400,2500687.93652482,1754.61340921423,1425.20735530268
"quiescent","SUM_raw_worm1_Airyscan Processing_exp1","SUM_raw_worm1_Airyscan Processing","oocyte_5",278.4452,65.7308,61858,4065973,1779454.36326832,1531.44932084848,1161.94139697841
"quiescent","SUM_raw_worm1_Airyscan Processing_exp1","SUM_raw_worm1_Airyscan Processing","oocyte_6",317.5215,56.8419,70539,4009572,1402168.94596631,1746.36916232874,802.90523688391
"quiescent","SUM_raw_worm2_Airyscan Processing_exp1","SUM_raw_worm2_Airyscan Processing","oocyte_1",205.7572,418.4242,45710,19126169,16487368.7916667,1131.66524064768,14569.1218564162
"quiescent","SUM_raw_worm2_Airyscan Processing_exp1","SUM_raw_worm2_Airyscan Processing","oocyte_2",366.5909,179.4168,81440,14611701,9910237.66666667,2016.25064971225,4915.18138783042
"quiescent","SUM_raw_worm2_Airyscan Processing_exp1","SUM_raw_worm2_Airyscan Processing","oocyte_3",327.4741,144.8343,72750,10536695,6336898.125,1801.10799074861,3518.33324683999
"quiescent","SUM_raw_worm2_Airyscan Processing_exp1","SUM_raw_worm2_Airyscan Processing","oocyte_4",317.427,110.6498,70518,7802805,3731859.625,1745.84925486749,2137.56119813634
"quiescent","SUM_raw_worm2_Airyscan Processing_exp1","SUM_raw_worm2_Airyscan Processing","oocyte_5",338.2098,101.6621,75135,7638380,3300899.0625,1860.15462384737,1774.52939674054
"quiescent","SUM_raw_worm2_Airyscan Processing_exp1","SUM_raw_worm2_Airyscan Processing","oocyte_6",353.4604,96.9325,78523,7611427,3078359.64583333,1944.03302759523,1583.49143360042
"quiescent","SUM_raw_worm3_Airyscan Processing_exp1","SUM_raw_worm3_Airyscan Processing","oocyte_1",344.4082,258.1576,76512,19752151,15681953.3957447,1894.24569880629,8278.73248207829
"quiescent","SUM_raw_worm3_Airyscan Processing_exp1","SUM_raw_worm3_Airyscan Processing","oocyte_2",217.7579,114.6575,48376,5546672,2973221.04716312,1197.6687307279,2482.50703293899
"quiescent","SUM_raw_worm3_Airyscan Processing_exp1","SUM_raw_worm3_Airyscan Processing","oocyte_3",295.5864,128.9762,65666,8469349,4976124.46161348,1625.72587382128,3060.86317610057
"quiescent","SUM_raw_worm3_Airyscan Processing_exp1","SUM_raw_worm3_Airyscan Processing","oocyte_4",328.8605,110.6781,73058,8085923,4199467.32544326,1808.73330018023,2321.77254934424
"quiescent","SUM_raw_worm3_Airyscan Processing_exp1","SUM_raw_worm3_Airyscan Processing","oocyte_5",289.0009,92.3947,64203,5932019,2516621.45731383,1589.50565402107,1583.27304526875
"quiescent","SUM_raw_worm3_Airyscan Processing_exp1","SUM_raw_worm3_Airyscan Processing","oocyte_6",295.2398,86.5684,65589,5677936,2188807.61928192,1623.81954646337,1347.93772131212
"quiescent","SUM_raw_worm4_Airyscan Processing_exp1","SUM_raw_worm4_Airyscan Processing","oocyte_1",181.3869,450.2787,40296,18144430,15961975.8960993,997.628145638568,15999.9253889156
"quiescent","SUM_raw_worm4_Airyscan Processing_exp1","SUM_raw_worm4_Airyscan Processing","oocyte_2",612.0096,258.6855,135961,35171146,27807421.5007831,3366.05420660029,8261.13300441128
"quiescent","SUM_raw_worm4_Airyscan Processing_exp1","SUM_raw_worm4_Airyscan Processing","oocyte_3",459.9041,156.9375,102170,16034306,10500721.1331265,2529.47358645753,4151.34642612834
"quiescent","SUM_raw_worm4_Airyscan Processing_exp1","SUM_raw_worm4_Airyscan Processing","oocyte_4",284.9317,113.256,63299,7168990,3740680.43272754,1567.12487568929,2386.97023495478
"quiescent","SUM_raw_worm4_Airyscan Processing_exp1","SUM_raw_worm4_Airyscan Processing","oocyte_5",740.8881,77.2586,164592,12716151,3801755.38085106,4074.88613626522,932.972174858244
"quiescent","SUM_raw_worm4_Airyscan Processing_exp1","SUM_raw_worm4_Airyscan Processing","oocyte_6",429.7495,69.648,95471,6649367,1478603.75418144,2363.62310631973,625.56663548771
"quiescent","SUM_raw_worm5_Airyscan Processing_exp1","SUM_raw_worm5_Airyscan Processing","oocyte_1",509.7567,191.1296,113245,21644471,16221504.6062352,2803.66287851994,5785.82565347464
"quiescent","SUM_raw_worm5_Airyscan Processing_exp1","SUM_raw_worm5_Airyscan Processing","oocyte_2",329.6572,146.8251,73235,10752735,7245728.56397754,1813.1153773536,3996.28653227426
"quiescent","SUM_raw_worm5_Airyscan Processing_exp1","SUM_raw_worm5_Airyscan Processing","oocyte_3",354.8603,90.5703,78834,7140022,3364896.09875887,1951.73260952131,1724.05588877472
"quiescent","SUM_raw_worm5_Airyscan Processing_exp1","SUM_raw_worm5_Airyscan Processing","oocyte_4",329.4277,63.67,73184,4659623,1155058.80236407,1811.85274494771,637.501477746968
"quiescent","SUM_raw_worm5_Airyscan Processing_exp1","SUM_raw_worm5_Airyscan Processing","oocyte_5",310.0808,56.4346,68886,3887557,588811.245212766,1705.44501787915,345.253725004278
"quiescent","SUM_raw_worm5_Airyscan Processing_exp1","SUM_raw_worm5_Airyscan Processing","oocyte_6",263.7213,41.1088,58587,2408443,-397114.26179078,1450.46754438472,0
"quiescent","SUM_raw_worm7_Airyscan Processing_exp1","SUM_raw_worm7_Airyscan Processing","oocyte_1",683.1041,445.8185,151755,67655185,58542671.7045656,3757.07413245436,15581.9847148775
"quiescent","SUM_raw_worm7_Airyscan Processing_exp1","SUM_raw_worm7_Airyscan Processing","oocyte_2",280.2998,273.3867,62270,17023787,13284627.150857,1541.64941008819,8617.15190491789
"quiescent","SUM_raw_worm7_Airyscan Processing_exp1","SUM_raw_worm7_Airyscan Processing","oocyte_3",360.5501,130.0177,80098,10414156,5604468.74134161,1983.02608718875,2826.22037982708
"quiescent","SUM_raw_worm7_Airyscan Processing_exp1","SUM_raw_worm7_Airyscan Processing","oocyte_4",330.9941,84.1084,73532,6184661,1769245.83977541,1820.46835430552,971.863001952789
"quiescent","SUM_raw_worm7_Airyscan Processing_exp1","SUM_raw_worm7_Airyscan Processing","oocyte_5",354.4552,79.7224,78744,6277661,1549278.10035461,1949.5044346874,794.703552753414
"quiescent","SUM_raw_worm7_Airyscan Processing_exp1","SUM_raw_worm7_Airyscan Processing","oocyte_6",311.9489,77.6423,69301,5380687,1219332.94980792,1715.71937961332,710.683206296082
"quiescent","SUM_raw_worm8_Airyscan Processing_exp1","SUM_raw_worm8_Airyscan Processing","oocyte_1",520.9786,234.9217,115738,27189367,20706164.755792,2865.38332141941,7226.31579551976
"quiescent","SUM_raw_worm8_Airyscan Processing_exp1","SUM_raw_worm8_Airyscan Processing","oocyte_2",332.2275,191.9414,73806,14166426,10032094.7964539,1827.25190879988,5490.26368402748
"quiescent","SUM_raw_worm8_Airyscan Processing_exp1","SUM_raw_worm8_Airyscan Processing","oocyte_3",342.6076,149.0415,76112,11343847,7080342.45342789,1884.34269954444,3757.46007089881
"quiescent","SUM_raw_worm8_Airyscan Processing_exp1","SUM_raw_worm8_Airyscan Processing","oocyte_4",328.5904,146.6162,72998,10702688,6613617.88108747,1807.24785029095,3659.49688639703
"quiescent","SUM_raw_worm8_Airyscan Processing_exp1","SUM_raw_worm8_Airyscan Processing","oocyte_5",356.2423,130.2889,79141,10311193,5878015.40224586,1959.33316145478,3000.00812413214
"quiescent","SUM_raw_worm8_Airyscan Processing_exp1","SUM_raw_worm8_Airyscan Processing","oocyte_6",373.667,123.7674,83012,10274178,5624161.71583924,2055.16943681132,2736.59271839181
"quiescent","SUM_raw_worm9_Airyscan Processing_exp1","SUM_raw_worm9_Airyscan Processing","oocyte_1",427.8364,219.2711,95046,20840842,15563529.4105496,2353.10116960401,6614.05026336744
"quiescent","SUM_raw_worm9_Airyscan Processing_exp1","SUM_raw_worm9_Airyscan Processing","oocyte_2",357.8492,117.5385,79498,9344079,4930050.04311466,1968.17158829598,2504.88833007849
"quiescent","SUM_raw_worm9_Airyscan Processing_exp1","SUM_raw_worm9_Airyscan Processing","oocyte_3",336.5353,92.2389,74763,6896056,2744932.11130319,1850.94483453386,1482.9896926639
"quiescent","SUM_raw_worm9_Airyscan Processing_exp1","SUM_raw_worm9_Airyscan Processing","oocyte_4",249.7896,88.4417,55492,4907808,1826682.75313239,1373.84308759617,1329.61527384365
"quiescent","SUM_raw_worm9_Airyscan Processing_exp1","SUM_raw_worm9_Airyscan Processing","oocyte_5",186.5679,79.5094,41447,3295426,994132.153915484,1026.12402601454,968.822606928612
"quiescent","SUM_raw_worm9_Airyscan Processing_exp1","SUM_raw_worm9_Airyscan Processing","oocyte_6",208.8677,78.8827,46401,3660238,1083879.37929965,1148.77267187252,943.510762258037
"quiescent","SUM_raw_worm10_Airyscan Processing_exp2","SUM_raw_worm10_Airyscan Processing","oocyte_1",661.6416,157.6272,146987,23169147,15674451.8760638,3639.03038125313,4307.31547524651
"quiescent","SUM_raw_worm10_Airyscan Processing_exp2","SUM_raw_worm10_Airyscan Processing","oocyte_2",385.06,71.9416,85543,6154101,1792363.53351064,2117.83066464066,846.32051251121
"quiescent","SUM_raw_worm10_Airyscan Processing_exp2","SUM_raw_worm10_Airyscan Processing","oocyte_3",457.1178,38.7161,101551,3931657,-1246309.6537234,2514.14869509982,0
"quiescent","SUM_raw_worm10_Airyscan Processing_exp2","SUM_raw_worm10_Airyscan Processing","oocyte_4",405.4737,33.4589,90078,3013907,-1579064.80957447,2230.10591877186,0
"quiescent","SUM_raw_worm10_Airyscan Processing_exp2","SUM_raw_worm10_Airyscan Processing","oocyte_5",329.6572,30.4944,73235,2233259,-1500907.94946809,1813.1153773536,0
"quiescent","SUM_raw_worm10_Airyscan Processing_exp2","SUM_raw_worm10_Airyscan Processing","oocyte_6",269.312,28.3235,59829,1694564,-1356046.69734043,1481.21635709276,0
"quiescent","SUM_raw_worm11_Airyscan Processing_exp2","SUM_raw_worm11_Airyscan Processing","oocyte_1",512.9257,264.806,113949,30174377,22841430.5394947,2821.09215722079,8096.66230896794
"quiescent","SUM_raw_worm11_Airyscan Processing_exp2","SUM_raw_worm11_Airyscan Processing","oocyte_2",370.0344,169.7432,82205,13953742,8663613.40048759,2035.19013580054,4256.90614753288
"quiescent","SUM_raw_worm11_Airyscan Processing_exp2","SUM_raw_worm11_Airyscan Processing","oocyte_3",406.9501,123.2863,90406,11145822,5327935.42171986,2238.22637816658,2380.42741060187
"quiescent","SUM_raw_worm11_Airyscan Processing_exp2","SUM_raw_worm11_Airyscan Processing","oocyte_4",368.1394,100.8417,81784,8247240,2984203.96347518,2024.76722907744,1473.85038666143
"quiescent","SUM_raw_worm11_Airyscan Processing_exp2","SUM_raw_worm11_Airyscan Processing","oocyte_5",389.6784,91.803,86569,7947291,2376326.42690603,2143.2318577473,1108.75844734957
"quiescent","SUM_raw_worm11_Airyscan Processing_exp2","SUM_raw_worm11_Airyscan Processing","oocyte_6",355.8056,96.0432,79044,7591637,2504927.85797872,1956.93168413378,1280.02825969242
"quiescent","SUM_raw_worm12_Airyscan Processing_exp2","SUM_raw_worm12_Airyscan Processing","oocyte_1",891.9988,132.7827,198162,26312482,18551930.4678192,4905.99534931581,3781.48146235124
"quiescent","SUM_raw_worm12_Airyscan Processing_exp2","SUM_raw_worm12_Airyscan Processing","oocyte_2",532.358,89.974,118266,10640864,6009252.55328014,2927.97027675429,2052.36118719809
"quiescent","SUM_raw_worm12_Airyscan Processing_exp2","SUM_raw_worm12_Airyscan Processing","oocyte_3",554.1536,55.2277,123108,6798966,1977728.94131206,3047.84608281896,648.893968911596
"quiescent","SUM_raw_worm12_Airyscan Processing_exp2","SUM_raw_worm12_Airyscan Processing","oocyte_4",466.4041,41.0683,103614,4255247,197446.884663121,2565.2234137928,76.9706387371488
"quiescent","SUM_raw_worm12_Airyscan Processing_exp2","SUM_raw_worm12_Airyscan Processing","oocyte_5",427.9174,42.1918,95064,4010924,287964.649290781,2353.5468045708,122.353483147872
"quiescent","SUM_raw_worm12_Airyscan Processing_exp2","SUM_raw_worm12_Airyscan Processing","oocyte_6",207.1842,39.6061,46027,1822952,20412.1317523641,1139.5133675627,17.9130252732564
"quiescent","SUM_raw_worm13_Airyscan Processing_exp2","SUM_raw_worm13_Airyscan Processing","oocyte_1",460.9934,137.9696,102412,14129742,9349869.20561466,2535.46490101094,3687.63503761644
"quiescent","SUM_raw_worm13_Airyscan Processing_exp2","SUM_raw_worm13_Airyscan Processing","oocyte_2",288.7173,133.6579,64140,8572818,5579213.33421986,1587.94593163733,3513.47815001934
"quiescent","SUM_raw_worm13_Airyscan Processing_exp2","SUM_raw_worm13_Airyscan Processing","oocyte_3",317.2065,126.665,70469,8925959,5636961.07058215,1744.63613745792,3231.02390782509
"quiescent","SUM_raw_worm13_Airyscan Processing_exp2","SUM_raw_worm13_Airyscan Processing","oocyte_4",321.1857,113.303,71353,8084507,4754250.16000295,1766.5217658266,2691.30573535748
"quiescent","SUM_raw_worm13_Airyscan Processing_exp2","SUM_raw_worm13_Airyscan Processing","oocyte_5",334.6852,90.3932,74352,6720913,3250683.90567376,1840.76950279231,1765.93750643017
"quiescent","SUM_raw_worm13_Airyscan Processing_exp2","SUM_raw_worm13_Airyscan Processing","oocyte_6",364.8399,78.8651,81051,6392099,2609207.64100177,2006.61998293011,1300.29983913135
"quiescent","SUM_raw_worm14_Airyscan Processing_exp2","SUM_raw_worm14_Airyscan Processing","oocyte_1",585.9828,91.8638,130179,11958737,6343342.34960106,3222.90635227028,1968.20560582925
"quiescent","SUM_raw_worm14_Airyscan Processing_exp2","SUM_raw_worm14_Airyscan Processing","oocyte_2",385.5281,71.3042,85647,6106990,2412525.41183511,2120.40544444874,1137.76609004242
"quiescent","SUM_raw_worm14_Airyscan Processing_exp2","SUM_raw_worm14_Airyscan Processing","oocyte_3",362.7197,58.1932,80580,4689212,1213317.26329787,1994.95920129928,608.191517153665
"quiescent","SUM_raw_worm14_Airyscan Processing_exp2","SUM_raw_worm14_Airyscan Processing","oocyte_4",443.9873,51.8192,98634,5111139,856467.847606383,2441.93107298279,350.733834006305
"quiescent","SUM_raw_worm14_Airyscan Processing_exp2","SUM_raw_worm14_Airyscan Processing","oocyte_5",368.9046,36.9002,81954,3024119,-511044.530053192,2028.97600376373,0
"quiescent","SUM_raw_worm14_Airyscan Processing_exp2","SUM_raw_worm14_Airyscan Processing","oocyte_6",528.1178,38.2917,117324,4492535,-568347.031382978,2904.64871349264,0
"quiescent","SUM_raw_worm15_Airyscan Processing_exp2","SUM_raw_worm15_Airyscan Processing","oocyte_1",607.2382,146.6592,134901,19784478,14806954.0013298,3339.81125855639,4433.47029368659
"quiescent","SUM_raw_worm15_Airyscan Processing_exp2","SUM_raw_worm15_Airyscan Processing","oocyte_2",334.9418,106.2083,74409,7902854,5157340.00664894,1842.18068018712,2799.58424388919
"quiescent","SUM_raw_worm15_Airyscan Processing_exp2","SUM_raw_worm15_Airyscan Processing","oocyte_3",426.0809,90.7759,94656,8592485,5099905.17021277,2343.44574532371,2176.24204886736
"quiescent","SUM_raw_worm15_Airyscan Processing_exp2","SUM_raw_worm15_Airyscan Processing","oocyte_4",426.9046,82.0959,94839,7785897,4286564.90824468,2347.97636748601,1825.64227119302
"quiescent","SUM_raw_worm15_Airyscan Processing_exp2","SUM_raw_worm15_Airyscan Processing","oocyte_5",564.4978,64.5274,125406,8092121,3464939.77393617,3104.73881357828,1116.01650959578
"quiescent","SUM_raw_worm15_Airyscan Processing_exp2","SUM_raw_worm15_Airyscan Processing","oocyte_6",449.7941,64.1307,99924,6408197,2721240.57978723,2473.86824560225,1099.9941426245
"quiescent","SUM_raw_worm1_Airyscan Processing_exp2","SUM_raw_worm1_Airyscan Processing","oocyte_1",925.471,110.8656,205598,22793738,16244117.2211584,5090.09210559356,3191.32088067867
"quiescent","SUM_raw_worm1_Airyscan Processing_exp2","SUM_raw_worm1_Airyscan Processing","oocyte_2",549.6433,62.7286,122106,7659543,3769680.28333333,3023.03906966803,1246.9836467404
"quiescent","SUM_raw_worm1_Airyscan Processing_exp2","SUM_raw_worm1_Airyscan Processing","oocyte_3",463.5862,53.6408,102988,5524363,2243531.743026,2549.725219948,879.911186300991
"quiescent","SUM_raw_worm1_Airyscan Processing_exp2","SUM_raw_worm1_Airyscan Processing","oocyte_4",485.2963,56.4389,107811,6084730,2650255.12287234,2669.13063354774,992.92821773571
"quiescent","SUM_raw_worm1_Airyscan Processing_exp2","SUM_raw_worm1_Airyscan Processing","oocyte_5",670.2482,47.9676,148899,7142321,2398928.63067376,3686.36671772476,650.756914427218
"quiescent","SUM_raw_worm1_Airyscan Processing_exp2","SUM_raw_worm1_Airyscan Processing","oocyte_6",630.3437,43.996,140034,6160935,1699949.98971631,3466.89149658406,490.338388551035
"quiescent","SUM_raw_worm2_Airyscan Processing_exp2","SUM_raw_worm2_Airyscan Processing","oocyte_1",368.3869,242.761,81839,19867316,15641994.3069888,2026.12889147595,7720.13783170243
"quiescent","SUM_raw_worm2_Airyscan Processing_exp2","SUM_raw_worm2_Airyscan Processing","oocyte_2",463.3162,215.0283,102928,22132430,16818289.9052009,2548.23977005873,6599.96367014292
"quiescent","SUM_raw_worm2_Airyscan Processing_exp2","SUM_raw_worm2_Airyscan Processing","oocyte_3",423.146,144.7408,94004,13606216,8752819.203487,2327.3038565269,3760.9266959017
"quiescent","SUM_raw_worm2_Airyscan Processing_exp2","SUM_raw_worm2_Airyscan Processing","oocyte_4",440.6428,121.0277,97891,11847520,6793438.62253251,2423.53625185391,2803.10996682464
"quiescent","SUM_raw_worm2_Airyscan Processing_exp2","SUM_raw_worm2_Airyscan Processing","oocyte_5",409.0882,118.915,90881,10807118,6114960.70601359,2249.98618979002,2717.7769951487
"quiescent","SUM_raw_worm2_Airyscan Processing_exp2","SUM_raw_worm2_Airyscan Processing","oocyte_6",370.237,112.9767,82250,9292334,5045792.50694444,2036.3042232175,2477.91683060587
"quiescent","SUM_raw_worm3_Airyscan Processing_exp2","SUM_raw_worm3_Airyscan Processing","oocyte_1",612.3022,473.6567,136026,64429632,55021727.7454787,3367.66344398034,16338.2501430864
"quiescent","SUM_raw_worm3_Airyscan Processing_exp2","SUM_raw_worm3_Airyscan Processing","oocyte_2",552.9923,318.6506,122850,39146222,30649603.4295213,3041.45864829507,10077.2711299897
"quiescent","SUM_raw_worm3_Airyscan Processing_exp2","SUM_raw_worm3_Airyscan Processing","oocyte_3",548.9185,255.8612,121945,31200993,22766966.5321365,3019.05311246514,7541.09506657427
"quiescent","SUM_raw_worm3_Airyscan Processing_exp2","SUM_raw_worm3_Airyscan Processing","oocyte_4",514.8973,212.1785,114387,24270462,16359166.0421543,2831.93594141252,5776.67234732527
"quiescent","SUM_raw_worm3_Airyscan Processing_exp2","SUM_raw_worm3_Airyscan Processing","oocyte_5",524.2736,153.4474,116470,17872015,9816653.46232269,2883.50581006859,3404.4160507827
"quiescent","SUM_raw_worm3_Airyscan Processing_exp2","SUM_raw_worm3_Airyscan Processing","oocyte_6",503.2117,119.6162,111791,13372016,5640266.00722518,2767.66547620312,2037.91464529264
"quiescent","SUM_raw_worm4_Airyscan Processing_exp2","SUM_raw_worm4_Airyscan Processing","oocyte_1",361.968,171.6466,80413,13802618,8592285.70499409,1990.82469910746,4315.94288982161
"quiescent","SUM_raw_worm4_Airyscan Processing_exp2","SUM_raw_worm4_Airyscan Processing","oocyte_2",440.7193,182.4698,97908,17865255,11521340.2804965,2423.95712932254,4753.1122316988
"quiescent","SUM_raw_worm4_Airyscan Processing_exp2","SUM_raw_worm4_Airyscan Processing","oocyte_3",398.7216,145.7554,88578,12910724,7171343.37712766,2192.96967153993,3270.15164422764
"quiescent","SUM_raw_worm4_Airyscan Processing_exp2","SUM_raw_worm4_Airyscan Processing","oocyte_4",269.492,114.9415,59869,6881431,3002240.02130615,1482.20665701895,2025.52053527025
"quiescent","SUM_raw_worm4_Airyscan Processing_exp2","SUM_raw_worm4_Airyscan Processing","oocyte_5",372.4247,103.244,82736,8541997,3181146.73002364,2048.33636732064,1553.03922772449
"quiescent","SUM_raw_worm4_Airyscan Processing_exp2","SUM_raw_worm4_Airyscan Processing","oocyte_6",349.2652,105.5882,77591,8192691,3165209.21096336,1920.95903931512,1647.72342677949
"quiescent","SUM_raw_worm6_Airyscan Processing_exp2","SUM_raw_worm6_Airyscan Processing","oocyte_1",629.916,201.9317,139939,28258125,20478827.4942967,3464.53953425937,5910.98103854501
"quiescent","SUM_raw_worm6_Airyscan Processing_exp2","SUM_raw_worm6_Airyscan Processing","oocyte_2",362.4046,192.8284,80510,15524613,11049011.1864657,1993.22617642846,5543.28019425462
"quiescent","SUM_raw_worm6_Airyscan Processing_exp2","SUM_raw_worm6_Airyscan Processing","oocyte_3",412.2167,140.3925,91576,12856581,7765813.24846336,2267.19265100748,3425.29923295774
"quiescent","SUM_raw_worm6_Airyscan Processing_exp2","SUM_raw_worm6_Airyscan Processing","oocyte_4",454.6285,109.3808,100998,11047243,5432700.31010638,2500.45779862031,2172.68226366548
"quiescent","SUM_raw_worm6_Airyscan Processing_exp2","SUM_raw_worm6_Airyscan Processing","oocyte_5",383.525,82.3101,85202,7012989,2276555.9393026,2109.38835776993,1079.24931457828
"quiescent","SUM_raw_worm6_Airyscan Processing_exp2","SUM_raw_worm6_Airyscan Processing","oocyte_6",359.5778,90.5129,79882,7230351,2789660.1036052,1977.67846758736,1410.57312870904
"quiescent","SUM_raw_worm7_Airyscan Processing_exp2","SUM_raw_worm7_Airyscan Processing","oocyte_1",365.452,408.9537,81187,33201722,28481133.3944592,2009.98700267913,14169.8097333447
"quiescent","SUM_raw_worm7_Airyscan Processing_exp2","SUM_raw_worm7_Airyscan Processing","oocyte_2",585.1005,272.5425,129983,35425894,27868079.710594,3218.05388263197,8659.91705763525
"quiescent","SUM_raw_worm7_Airyscan Processing_exp2","SUM_raw_worm7_Airyscan Processing","oocyte_3",435.6328,215.1343,96778,20820265,15193143.3664007,2395.98115640781,6341.09468088601
"quiescent","SUM_raw_worm7_Airyscan Processing_exp2","SUM_raw_worm7_Airyscan Processing","oocyte_4",334.6132,135.6497,74336,10083659,5761419.29929078,1840.37338282183,3130.57086842716
"quiescent","SUM_raw_worm7_Airyscan Processing_exp2","SUM_raw_worm7_Airyscan Processing","oocyte_5",387.4187,127.3249,86067,10958472,5954137.56821808,2130.80359367368,2794.31552767032
"quiescent","SUM_raw_worm7_Airyscan Processing_exp2","SUM_raw_worm7_Airyscan Processing","oocyte_6",380.5496,99.7402,84541,8432136,3516530.28355496,2093.02365148973,1680.11970674676
"quiescent","SUM_raw_worm8_Airyscan Processing_exp2","SUM_raw_worm8_Airyscan Processing","oocyte_1",795.8047,274.9896,176792,48615970,42993025.7317967,4376.92761375158,9822.64947602052
"quiescent","SUM_raw_worm8_Airyscan Processing_exp2","SUM_raw_worm8_Airyscan Processing","oocyte_2",369.4718,158.911,82080,13043411,10432821.9148936,2032.09544853121,5134.02159452422
"quiescent","SUM_raw_worm8_Airyscan Processing_exp2","SUM_raw_worm8_Airyscan Processing","oocyte_3",388.3325,150.2371,86270,12960955,10217101.1942967,2135.82936579907,4783.66921904092
"quiescent","SUM_raw_worm8_Airyscan Processing_exp2","SUM_raw_worm8_Airyscan Processing","oocyte_4",318.6019,132.5302,70779,9380353,7129196.9954344,1752.31096188585,4068.45425869042
"quiescent","SUM_raw_worm8_Airyscan Processing_exp2","SUM_raw_worm8_Airyscan Processing","oocyte_5",361.9365,107.9751,80406,8681843,6124496.19228723,1990.65139662038,3076.62918916144
"quiescent","SUM_raw_worm8_Airyscan Processing_exp2","SUM_raw_worm8_Airyscan Processing","oocyte_6",348.0453,89.2988,77320,6904586,4445390.72635934,1914.24975731522,2322.26265636001
"quiescent","SUM_raw_worm9_Airyscan Processing_exp2","SUM_raw_worm9_Airyscan Processing","oocyte_1",644.8921,351.3515,143266,50336731,39411151.1086584,3546.90773061979,11111.4114326768
"quiescent","SUM_raw_worm9_Airyscan Processing_exp2","SUM_raw_worm9_Airyscan Processing","oocyte_2",328.9055,205.3045,73068,15001187,9428962.80514184,1808.98087516177,5212.30651722541
"quiescent","SUM_raw_worm9_Airyscan Processing_exp2","SUM_raw_worm9_Airyscan Processing","oocyte_3",341.7434,147.4351,75920,11193270,5403550.00118203,1879.58925989875,2874.85681923566
"quiescent","SUM_raw_worm9_Airyscan Processing_exp2","SUM_raw_worm9_Airyscan Processing","oocyte_4",334.6267,103.6935,74339,7708474,2039322.32729019,1840.4476553163,1108.05777137938
"quiescent","SUM_raw_worm9_Airyscan Processing_exp2","SUM_raw_worm9_Airyscan Processing","oocyte_5",496.8603,81.2387,110380,8967130,549462.80466903,2732.73264630696,201.067164551051
"quiescent","SUM_raw_worm9_Airyscan Processing_exp2","SUM_raw_worm9_Airyscan Processing","oocyte_6",335.2839,73.7319,74485,5491922,-188363.749630615,1844.06225004687,0
